draft_m,displacement_volume_m3,displacement_t,waterplane_area_m2,lcf_pct_lpp,lcb_pct_lpp,cb,cm,cp,cw,kb_m,bmt_m,bml_m,km_m,tpc_t_per_cm,mtc_tm_per_cm
1.6767,15271.3835,15653.1681,9805.9098,3.5932,3.8870,0.7406,0.9250,0.8007,0.7974,0.8670,89.4826,2855.7140,90.3496,100.5106,1645.6408
3.3535,32040.9894,32842.0141,10196.0980,3.3256,3.6619,0.7770,0.9539,0.8145,0.8291,1.7325,46.6913,1457.3406,48.4238,104.5100,1762.0122
5.0302,49400.0110,50635.0113,10454.1160,3.0807,3.4998,0.7986,0.9685,0.8246,0.8501,2.5979,32.0235,990.9199,34.6214,107.1547,1847.1728
6.7070,67034.9170,68710.7899,10579.9909,2.8477,3.3587,0.8128,0.9764,0.8324,0.8603,3.4588,24.1151,751.5879,27.5739,108.4449,1901.1781
8.3837,84879.6352,87001.6260,10705.8583,2.6201,3.2272,0.8233,0.9811,0.8392,0.8706,4.3183,19.4817,610.3401,23.8000,109.7350,1954.8678
10.0605,102915.9040,105488.8016,10807.4684,2.3380,3.0960,0.8319,0.9842,0.8452,0.8788,5.1780,16.2981,516.1148,21.4761,110.7766,2004.3369
11.7372,121128.1883,124156.3930,10909.0720,2.0611,2.9611,0.8392,0.9865,0.8507,0.8871,6.0378,14.0584,449.2336,20.0963,111.8180,2053.3328
13.4140,139503.8774,142991.4743,11020.9671,1.7100,2.8215,0.8457,0.9882,0.8558,0.8962,6.8997,12.3811,401.1571,19.2808,112.9649,2111.7512
15.0907,158085.0583,162037.1848,11143.1400,1.2880,2.6660,0.8519,0.9895,0.8609,0.9061,7.7641,11.0785,365.2948,18.8426,114.2172,2179.0957
16.7674,176881.9097,181303.9574,11265.3161,0.8751,2.4975,0.8578,0.9906,0.8660,0.9161,8.6311,10.0585,336.4037,18.6896,115.4695,2245.3609
